"Time_Iter","Outer_Iter","Inner_Iter",    "rms[Rho]"    ,    "rms[RhoU]"   ,    "rms[RhoV]"   ,    "rms[RhoE]"   
          0,           0,           0,   -0.006845228737,       2.524114526,         2.2117765,       5.889722299
          0,           0,           1,    -0.07081990263,       2.468086859,       2.180237778,       5.825128535
          0,           0,           2,     -0.2507876714,       2.283820181,       2.082063402,       5.644009874
          0,           0,           3,      -0.391442725,       2.054993929,       1.863067131,       5.502090577
          0,           0,           4,     -0.4760376912,       1.872671744,       1.587453958,       5.414953195
          0,           0,           5,      -0.601618638,       1.774735346,        1.57775695,       5.287620142
          0,           0,           6,     -0.6889124192,       1.734157586,         1.5616876,       5.205446459
          0,           0,           7,     -0.7139492456,       1.666266942,       1.540701391,       5.184925348
          0,           0,           8,     -0.7759607534,       1.525949499,       1.464775605,       5.124295749
          0,           0,           9,     -0.8589192498,       1.413650084,       1.368814236,        5.04157598
          0,           0,          10,     -0.9444231028,       1.313064755,       1.275646624,       4.955994862
          0,           0,          11,       -1.01592499,       1.231076373,       1.199195109,       4.884386529
          0,           0,          12,      -1.071826937,        1.16778896,       1.140272163,       4.828420317
          0,           0,          13,      -1.113531905,       1.120615722,       1.096725054,       4.786686992
          0,           0,          14,      -1.142186291,       1.088153904,       1.066604118,       4.758019365
          0,           0,          15,      -1.159787724,       1.067708277,       1.047778038,       4.740403047
          0,           0,          16,      -1.168326714,       1.056419236,        1.03818942,       4.731837196
          0,           0,          17,      -1.169258619,       1.052600309,       1.036349191,       4.730872015
          0,           0,          18,       -1.16371244,       1.055300602,       1.041036481,       4.736387124
          0,           0,          19,      -1.152749163,       1.063702594,       1.051188465,       4.747327494
          0,           0,          20,      -1.137423135,       1.076832775,       1.065761774,       4.762638835
          0,           0,          21,      -1.118740712,        1.09367319,       1.083710462,       4.781312528
          0,           0,          22,      -1.097615929,       1.113246573,       1.104034737,       4.802431694
          0,           0,          23,      -1.074830876,       1.134671009,       1.125985777,       4.825211459
          0,           0,          24,       -1.05104529,       1.157158638,       1.149037932,       4.848989636
          0,           0,          25,      -1.026797982,       1.180059217,        1.17277587,       4.873226293
          0,           0,          26,      -1.002517204,       1.202897245,       1.196824763,       4.897494013
          0,           0,          27,     -0.9785786438,       1.225356754,       1.220742481,       4.921419726
          0,           0,          28,     -0.9553194075,       1.247293611,       1.244028756,        4.94467118
          0,           0,          29,     -0.9330280913,       1.268679303,       1.266228559,       4.966966108
          0,           0,          30,     -0.9119093269,       1.289449627,       1.287026025,       4.988103566
          0,           0,          31,     -0.8920316234,       1.309392377,        1.30637835,        5.00801065
          0,           0,          32,     -0.8733574075,       1.328195216,       1.324459501,       5.026713363
          0,           0,          33,     -0.8558621926,       1.345583764,       1.341424048,       5.044226385
          0,           0,          34,      -0.839686577,       1.361256849,       1.357150338,       5.060405844
          0,           0,          35,     -0.8251471752,       1.374782483,       1.371186248,       5.074933024
          0,           0,          36,     -0.8124856308,       1.385943672,       1.383149418,       5.087564134
          0,           0,          37,     -0.8017206914,       1.395194776,       1.393225701,       5.098291546
          0,           0,          38,     -0.7928436403,       1.403437009,       1.402045214,       5.107154195
          0,           0,          39,     -0.7858674286,       1.411248986,       1.410010805,       5.114163275
          0,           0,          40,     -0.7805617398,       1.418420329,       1.416939376,       5.119537041
          0,           0,          41,     -0.7763360198,       1.424363639,        1.42248035,       5.123825485
          0,           0,          42,     -0.7725581524,       1.428875793,       1.426694869,        5.12763116
          0,           0,          43,     -0.7689954964,       1.432283961,       1.429998217,       5.131190829
          0,           0,          44,     -0.7658804309,       1.434928606,       1.432675234,       5.134292233
          0,           0,          45,     -0.7636617253,         1.4366912,       1.434680247,       5.136496951
          0,           0,          46,     -0.7626441477,       1.437240071,       1.435953561,       5.137498928
          0,           0,          47,     -0.7627283473,       1.436686352,        1.43674923,       5.137398241
          0,           0,          48,     -0.7635068371,       1.435803907,       1.437502754,        5.13661455
          0,           0,          49,     -0.7647380994,       1.435411073,       1.438257363,       5.135408021
          0,           0,          50,     -0.7668828041,       1.435209033,       1.437992557,       5.133323312
          0,           0,          51,     -0.7714856501,       1.432861038,       1.434308571,       5.128789078
          0,           0,          52,     -0.7811877742,        1.42436688,       1.423908746,       5.119114944
          0,           0,          53,     -0.7987445327,       1.406087723,       1.404179166,       5.101513196
          0,           0,          54,     -0.8249041019,        1.37742013,       1.375502475,       5.075253514
          0,           0,          55,     -0.8565325659,       1.342554181,        1.34269625,       5.043533688
          0,           0,          56,     -0.8874699246,       1.309252623,       1.312913868,       5.012575678
          0,           0,          57,     -0.9127669452,       1.283732632,       1.290256044,       4.987328147
          0,           0,          58,     -0.9321394181,       1.266212961,       1.273194636,         4.9680194
          0,           0,          59,     -0.9486035399,       1.252613321,        1.25782899,        4.95159377
          0,           0,          60,     -0.9649048728,       1.239155629,       1.241745873,       4.935310968
          0,           0,          61,       -0.98186446,       1.224337216,       1.224742189,       4.918368827
          0,           0,          62,      -0.998671183,       1.208523479,       1.207837667,       4.901581641
          0,           0,          63,      -1.013855426,       1.193028468,       1.192270624,       4.886407084
          0,           0,          64,      -1.026227104,       1.179330957,       1.178958844,       4.874025916
          0,           0,          65,      -1.035467081,       1.168363887,       1.168267946,       4.864760388
          0,           0,          66,       -1.04217945,       1.160062822,       1.159988633,       4.858015654
          0,           0,          67,      -1.047485536,       1.153530055,       1.153511717,       4.852677477
          0,           0,          68,      -1.052478637,       1.147729219,       1.148121898,       4.847658468
          0,           0,          69,       -1.05796491,       1.142003561,       1.143105372,       4.842161634
          0,           0,          70,      -1.064527412,       1.136015819,       1.137635782,       4.835614237
          0,           0,          71,      -1.072761468,       1.129209997,       1.130586272,         4.8274224
          0,           0,          72,      -1.083436671,       1.120356379,       1.120553755,       4.816800518
          0,           0,          73,      -1.097426458,       1.107712924,       1.106241283,       4.802845802
          0,           0,          74,      -1.115340777,       1.089870714,       1.087105324,        4.78492331
          0,           0,          75,      -1.136963612,       1.066815228,       1.063973729,       4.763247158
          0,           0,          76,      -1.160828154,       1.040562319,       1.039208833,       4.739310374
          0,           0,          77,      -1.184430369,       1.014770208,       1.015975699,       4.715657032
          0,           0,          78,       -1.20534225,      0.9930438115,      0.9966521378,       4.694742594
          0,           0,          79,      -1.222591441,      0.9768268851,      0.9814938865,       4.677536707
          0,           0,          80,       -1.23704745,      0.9647860142,       0.968837774,       4.663145258
          0,           0,          81,      -1.250490251,       0.954189808,      0.9565121231,       4.649763363
          0,           0,          82,      -1.264356952,      0.9427015842,      0.9430599869,       4.635939637
          0,           0,          83,      -1.279088437,      0.9292740784,      0.9281297993,       4.621227292
          0,           0,          84,      -1.294171107,      0.9141650179,       0.912294623,       4.606138465
          0,           0,          85,      -1.308623903,      0.8984656262,      0.8966149252,       4.591656742
          0,           0,          86,      -1.321578111,      0.8834753174,      0.8821712975,         4.5786581
          0,           0,          87,      -1.332642085,      0.8701917995,      0.8697307734,       4.567545257
          0,           0,          88,       -1.34199005,      0.8590363481,      0.8595416999,       4.558156435
          0,           0,          89,      -1.350213776,      0.8498736776,       0.851279236,       4.549911424
          0,           0,          90,      -1.358121351,      0.8421384207,      0.8440918461,       4.542010156
          0,           0,          91,      -1.366614099,      0.8348776392,      0.8367144164,       4.533551761
          0,           0,          92,      -1.376614043,      0.8267636296,      0.8276836783,       4.523603668
          0,           0,          93,      -1.388970967,      0.8162500606,      0.8156626091,       4.511295678
          0,           0,          94,      -1.404268117,      0.8019928074,      0.7998514163,       4.496021799
          0,           0,          95,      -1.422530529,      0.7834462324,       0.780393777,       4.477743034
          0,           0,          96,      -1.443001547,      0.7613416068,      0.7585676347,       4.457219587
          0,           0,          97,      -1.464134234,      0.7378079091,      0.7365912794,       4.436020496
          0,           0,          98,      -1.484053237,       0.715764971,      0.7168227362,       4.416052206
          0,           0,          99,      -1.501374949,      0.6976222355,      0.7006496253,       4.398721461
          0,           0,         100,      -1.515912933,       0.683979992,      0.6877935712,       4.384216986
          0,           0,         101,      -1.528675574,       0.673429765,      0.6766349934,       4.371513654
          0,           0,         102,      -1.541173647,       0.663582651,      0.6652211873,       4.359077517
          0,           0,         103,      -1.554624893,      0.6523360067,      0.6521428462,       4.345671944
          0,           0,         104,      -1.569475037,      0.6386245658,      0.6369400905,       4.330840233
          0,           0,         105,      -1.585362222,       0.622538976,      0.6200768495,        4.31494098
          0,           0,         106,      -1.601386109,      0.6050747564,      0.6026764605,       4.298878506
          0,           0,         107,      -1.616531337,      0.5876918728,      0.5861094507,       4.283679029
          0,           0,         108,      -1.630042155,      0.5718468234,      0.5715619131,       4.270114327
          0,           0,         109,      -1.641686544,       0.558524314,      0.5596135106,       4.258433454
          0,           0,         110,       -1.65181989,      0.5479094984,      0.5499940145,        4.24829337
          0,           0,         111,      -1.661267066,      0.5393003422,      0.5416328325,        4.23887193
          0,           0,         112,      -1.671103198,      0.5312825153,       0.532978325,       4.229085274
          0,           0,         113,      -1.682401683,       0.522112486,      0.5224531431,        4.21784215
          0,           0,         114,      -1.695981356,      0.5102016952,      0.5089023062,       4.204302649
          0,           0,         115,      -1.712165941,      0.4945966377,      0.4919511413,       4.188126222
          0,           0,         116,      -1.730598463,      0.4753650794,      0.4722189852,       4.169664154
          0,           0,         117,      -1.750223774,      0.4537555017,      0.4512700184,       4.149980908
          0,           0,         118,      -1.769526485,      0.4319905959,      0.4311951594,        4.13061459
          0,           0,         119,      -1.787057295,      0.4125404913,      0.4138203319,       4.113041654
          0,           0,         120,      -1.802082525,      0.3969988137,      0.3998445893,       4.098013796
          0,           0,         121,      -1.814928728,      0.3852616253,      0.3885219049,       4.085204171
          0,           0,         122,      -1.826759544,      0.3756734743,      0.3781342524,       4.073432787
          0,           0,         123,      -1.838967539,      0.3659756525,      0.3668509319,        4.06128477
          0,           0,         124,      -1.852584052,      0.3543019357,       0.353419165,       4.047709661
          0,           0,         125,      -1.867934559,      0.3397555452,      0.3374966452,       4.032370429
          0,           0,         126,      -1.884606722,      0.3225271039,      0.3196569333,       4.015676666
          0,           0,         127,      -1.901653326,      0.3037277854,      0.3011733711,       3.998581977
          0,           0,         128,      -1.917950603,      0.2850272376,      0.2836135173,       3.982224973
          0,           0,         129,      -1.932592772,      0.2681447395,      0.2683189558,       3.967531369
          0,           0,         130,      -1.945237514,      0.2542260904,       0.255868042,       3.954861723
          0,           0,         131,      -1.956242019,      0.2433625596,      0.2458045534,       3.943867823
          0,           0,         132,      -1.966533654,       0.234523226,      0.2368013964,       3.933618071
          0,           0,         133,      -1.977298838,      0.2259419204,      0.2271551915,       3.922910478
          0,           0,         134,      -1.989625324,      0.2157368724,      0.2153515097,       3.910636459
          0,           0,         135,       -2.00419003,       0.202496571,      0.2005120806,       3.896100055
          0,           0,         136,      -2.021042835,       0.185694414,       0.182660712,       3.879240148
          0,           0,         137,      -2.039544534,      0.1658856352,      0.1627739224,       3.860696663
          0,           0,         138,      -2.058482428,      0.1446738159,      0.1425803855,       3.841696342
          0,           0,         139,      -2.076442978,      0.1242986244,      0.1240098288,       3.823676591
          0,           0,         140,      -2.092345014,      0.1068262107,      0.1084214572,        3.80774278
          0,           0,         141,      -2.105926693,     0.09318742565,     0.09595929051,       3.794169512
          0,           0,         142,      -2.117852691,       0.082715748,     0.08551202492,       3.782287461
          0,           0,         143,      -2.129370137,     0.07354664452,     0.07529525834,       3.770831404
          0,           0,         144,       -2.14176063,     0.06352664019,     0.06361779402,       3.758497582
          0,           0,         145,      -2.155865545,     0.05103853458,     0.04944826223,       3.744426382
          0,           0,         146,      -2.171835854,     0.03544098295,     0.03266839281,       3.728456667
          0,           0,         147,      -2.189127104,      0.0171561937,     0.01406078214,       3.711132573
          0,           0,         148,      -2.206698335,   -0.002486148346,   -0.004925089244,       3.693505078
          0,           0,         149,       -2.22336824,    -0.02162557828,    -0.02262285446,       3.676774228
          0,           0,         150,      -2.238237863,     -0.0384702322,    -0.03774758892,       3.661860915
          0,           0,         151,      -2.251055086,    -0.05201675074,    -0.04995261455,       3.649033629
          0,           0,         152,      -2.262322795,    -0.06251471908,    -0.06000178236,       3.637792887
          0,           0,         153,      -2.273096552,    -0.07136606114,     -0.0694414494,       3.627072361
          0,           0,         154,       -2.28459962,     -0.0805370461,     -0.0799946931,       3.615629032
          0,           0,         155,      -2.297824503,    -0.09183947042,    -0.09298615889,       3.602449324
          0,           0,         156,      -2.313232554,     -0.1063779441,     -0.1089609703,       3.587056068
          0,           0,         157,      -2.330603794,     -0.1242473201,      -0.127522882,       3.569663186
          0,           0,         158,       -2.34907038,     -0.1444703909,     -0.1474019592,       3.551144712
          0,           0,         159,      -2.367359066,     -0.1652050105,     -0.1668021178,       3.532791885
          0,           0,         160,      -2.384209628,     -0.1842782904,     -0.1840100091,       3.515889447
          0,           0,         161,      -2.398888409,       -0.20005166,     -0.1981302031,       3.501191862
          0,           0,         162,      -2.411516194,     -0.2122008678,     -0.2095093322,       3.488585383
          0,           0,         163,      -2.422996332,     -0.2218621738,     -0.2195424164,       3.477157164
          0,           0,         164,      -2.434601865,     -0.2310429678,     -0.2300198404,        3.46561398
          0,           0,         165,      -2.447476417,     -0.2417513787,     -0.2424410832,       3.452790411
          0,           0,         166,      -2.462246201,     -0.2553114968,     -0.2575561819,       3.438043779
          0,           0,         167,      -2.478847049,      -0.272038525,     -0.2751919676,       3.421430832
          0,           0,         168,      -2.496559567,     -0.2911976263,     -0.2943089414,       3.403674343
          0,           0,         169,      -2.514254008,     -0.3112155504,      -0.313308607,       3.385918221
          0,           0,         170,        -2.5307574,     -0.3301129937,     -0.3305375508,       3.369357205
          0,           0,         171,      -2.545303713,     -0.3462146017,     -0.3449413885,       3.354779041
          0,           0,         172,      -2.557857045,     -0.3588781633,     -0.3565456664,       3.342231754
          0,           0,         173,      -2.569126035,     -0.3688060532,     -0.3664484388,        3.33100372
          0,           0,         174,      -2.580269607,     -0.3777172453,     -0.3763347913,       3.319919997
          0,           0,         175,      -2.592470508,     -0.3876238743,     -0.3878315425,       3.307776141
          0,           0,         176,      -2.606545134,     -0.4001203778,     -0.4019852055,       3.293736171
          0,           0,         177,      -2.622695761,     -0.4159283361,     -0.4189743425,       3.277585855
          0,           0,         178,      -2.640443334,     -0.4347131105,      -0.438051631,       3.259803228
          0,           0,         179,       -2.65875065,     -0.4551393682,     -0.4577231978,       3.241436635
          0,           0,         180,      -2.676344855,     -0.4752086773,     -0.4762014304,       3.223780109
          0,           0,         181,      -2.692173695,     -0.4929185498,     -0.4920687358,       3.207909971
          0,           0,         182,      -2.705851706,      -0.507118047,       -0.50491498,       3.194228038
          0,           0,         183,      -2.717829001,     -0.5180662121,     -0.5155280563,       3.182285047
          0,           0,         184,      -2.729176354,     -0.5272845185,     -0.5255031558,       3.170996071
          0,           0,         185,      -2.741138153,     -0.5368359918,      -0.536561687,       3.159095001
          0,           0,         186,      -2.754680248,     -0.5485140865,     -0.5499495156,       3.145595292
          0,           0,         187,      -2.770183626,     -0.5632947485,     -0.5660855879,        3.13010219
          0,           0,         188,      -2.787342095,     -0.5811127078,     -0.5844665963,       3.112918216
          0,           0,         189,      -2.805263318,     -0.6008969097,     -0.6038039013,       3.094943473
          0,           0,         190,      -2.822755001,      -0.620848497,     -0.6224044084,       3.077388406
          0,           0,         191,      -2.838734738,     -0.6389868181,      -0.638755035,       3.061358782
          0,           0,         192,      -2.852666732,     -0.6539286777,      -0.652165498,       3.047409677
          0,           0,         193,      -2.864794305,     -0.6655287668,     -0.6630938534,       3.035304059
          0,           0,         194,      -2.876029133,     -0.6749495999,     -0.6729291534,        3.02412104
          0,           0,         195,       -2.88757886,     -0.6841196446,     -0.6833943591,       3.012633293
          0,           0,         196,      -2.900512764,     -0.6949563086,     -0.6959221145,       2.999749709
          0,           0,         197,      -2.915415272,     -0.7087352946,     -0.7112216796,       2.984868925
          0,           0,         198,      -2.932211738,     -0.7257551564,      -0.729092434,       2.968057949
          0,           0,         199,      -2.950181146,     -0.7452596275,     -0.7484621227,       2.950041815
          0,           0,         200,      -2.968176518,     -0.7656196572,     -0.7676884309,        2.93198314
          0,           0,         201,      -2.984992751,     -0.7847810156,     -0.7850875221,        2.91511032
          0,           0,         202,      -2.999838015,     -0.8010285387,     -0.7996205733,       2.900237287
          0,           0,         203,       -3.01267727,     -0.8137623341,     -0.8113759428,       2.887409823
          0,           0,         204,      -3.024240464,     -0.8237884902,     -0.8215174237,       2.875892546
          0,           0,         205,      -3.035698505,     -0.8329118964,     -0.8317450877,       2.864496509
          0,           0,         206,      -3.048209461,     -0.8431474265,      -0.843629911,       2.852041398
          0,           0,         207,       -3.06252057,     -0.8559990689,     -0.8581075985,       2.837761304
          0,           0,         208,       -3.07874229,     -0.8720448115,     -0.8752314803,       2.821535528
          0,           0,         209,      -3.096326758,     -0.8908169472,     -0.8941663493,       2.803912701
          0,           0,         210,      -3.114230372,     -0.9109157458,      -0.913410935,       2.785948784
          0,           0,         211,      -3.131256668,     -0.9303888038,     -0.9312704702,       2.768861624
          0,           0,         212,      -3.146495897,     -0.9473946973,     -0.9464973008,       2.753584125
          0,           0,         213,      -3.159708338,     -0.9609891258,     -0.9588520127,       2.740370886
          0,           0,         214,      -3.171427385,     -0.9715787443,     -0.9692163867,       2.728688218
          0,           0,         215,      -3.182723769,     -0.9807177886,     -0.9791825038,       2.717450811
          0,           0,         216,       -3.19478597,     -0.9904130125,      -0.990406692,       2.705448498
          0,           0,         217,      -3.208506309,      -1.002368003,      -1.004048842,       2.691768425
          0,           0,         218,      -3.224201776,      -1.017472433,       -1.02044504,       2.676080144
          0,           0,         219,      -3.241519581,       -1.03558361,      -1.039018704,       2.658733502
          0,           0,         220,       -3.25953873,      -1.055559042,       -1.05842675,       2.640658489
          0,           0,         221,      -3.277057926,      -1.075544149,      -1.076958373,       2.623075889
          0,           0,         222,       -3.29301484,      -1.093553546,      -1.093144217,       2.607071989
          0,           0,         223,      -3.306923891,      -1.108279611,      -1.106395894,       2.593150819
          0,           0,         224,      -3.319089103,      -1.119711179,      -1.117283521,       2.581012649
          0,           0,         225,      -3.330460808,      -1.129130113,      -1.127256393,       2.569695877
          0,           0,         226,      -3.342240076,      -1.138503152,      -1.138016794,       2.557978704
          0,           0,         227,      -3.355440229,        -1.1496892,      -1.150907137,       2.544826212
          0,           0,         228,      -3.370556113,      -1.163838061,       -1.16651047,       2.529727778
          0,           0,         229,      -3.387420124,      -1.181100912,      -1.184503396,       2.512844969
          0,           0,         230,      -3.405253543,       -1.20060283,      -1.203737898,       2.494962084
          0,           0,         231,      -3.422913476,      -1.220665779,       -1.22257505,        2.47723872
          0,           0,         232,      -3.439273285,      -1.239293638,      -1.239430604,       2.460824859
          0,           0,         233,      -3.453669371,       -1.25493196,      -1.253431748,       2.446405079
          0,           0,         234,      -3.466188804,      -1.267175927,      -1.264824079,        2.43390133
          0,           0,         235,      -3.477625368,      -1.276965476,      -1.274850174,        2.42251299
          0,           0,         236,      -3.489142461,      -1.286131031,      -1.285195786,       2.411058039
          0,           0,         237,      -3.501839151,      -1.296624058,      -1.297353632,       2.398415289
          0,           0,         238,      -3.516381319,      -1.309841849,      -1.312153606,       2.383900737
          0,           0,         239,      -3.532801705,      -1.326248285,      -1.329543332,       2.367472286
          0,           0,         240,       -3.55048452,      -1.345261276,      -1.348592503,       2.349747738
          0,           0,         241,       -3.56836153,      -1.365403588,      -1.367757791,       2.331809064
          0,           0,         242,      -3.585248147,      -1.384693701,      -1.385363458,       2.314863157
          0,           0,         243,      -3.600295968,      -1.401352255,      -1.400262318,         2.2997813
          0,           0,         244,      -3.613354817,      -1.414581631,      -1.412358779,       2.286726932
          0,           0,         245,      -3.625035119,      -1.424951958,      -1.422649996,       2.275087186
          0,           0,         246,      -3.636436904,      -1.434113226,      -1.432761381,       2.263745921
          0,           0,         247,      -3.648720016,      -1.444062801,      -1.444296424,       2.251521265
          0,           0,         248,       -3.66270044,       -1.45640634,      -1.458303383,       2.237577406
          0,           0,         249,      -3.678596604,      -1.471890078,      -1.474985718,       2.221683777
          0,           0,         250,      -3.695969685,      -1.490228373,      -1.493652581,        2.20427784
          0,           0,         251,      -3.713851651,      -1.510171497,      -1.512898508,       2.186338088
          0,           0,         252,      -3.731059494,      -1.529836886,      -1.531036363,       2.169067868
          0,           0,         253,      -3.746617126,      -1.547320992,      -1.546714281,       2.153466908
          0,           0,         254,      -3.760162747,      -1.561491899,      -1.559513513,       2.139913946
          0,           0,         255,      -3.772106643,      -1.572528022,      -1.570146215,       2.128001043
          0,           0,         256,      -3.783445257,      -1.581823868,      -1.580116667,       2.116719111
          0,           0,         257,      -3.795359637,      -1.591348618,      -1.591091825,       2.104865983
          0,           0,         258,      -3.808794547,      -1.602877506,      -1.604318512,       2.091475718
          0,           0,         259,      -3.824155407,      -1.617435661,      -1.620260105,       2.076128039
          0,           0,         260,       -3.84118805,      -1.635040904,      -1.638476358,       2.059072335
          0,           0,         261,       -3.85905368,      -1.654703162,      -1.657734834,       2.041154438
          0,           0,         262,      -3.876592011,      -1.674673599,      -1.676372317,       2.023552598
          0,           0,         263,      -3.892716639,      -1.692970456,      -1.692867248,       2.007376918
          0,           0,         264,      -3.906854256,      -1.708158407,      -1.706485926,       1.993220655
          0,           0,         265,      -3.919195129,      -1.720014564,      -1.717627233,       1.980900509
          0,           0,         266,      -3.930602249,      -1.729632523,      -1.727626664,       1.969544673
          0,           0,         267,      -3.942248349,      -1.738898121,      -1.738169677,       1.957960823
          0,           0,         268,       -3.95518307,      -1.749711562,      -1.750669544,       1.945077387
          0,           0,         269,      -3.969984063,      -1.763348084,      -1.765832758,       1.930299598
          0,           0,         270,      -3.986585246,      -1.780122273,      -1.783475512,       1.913685631
          0,           0,         271,      -4.004293808,      -1.799316011,      -1.802565161,       1.895931888
          0,           0,         272,      -4.022011272,      -1.819363616,      -1.821518379,       1.878151926
          0,           0,         273,      -4.038589213,      -1.838285219,      -1.838710836,       1.861516975
          0,           0,         274,      -4.053276478,       -1.85441565,      -1.853134049,       1.846800249
          0,           0,         275,       -4.06604257,      -1.867147729,      -1.864860472,       1.834043623
          0,           0,         276,       -4.07758659,      -1.877226124,      -1.875004761,       1.822543586
          0,           0,         277,       -4.08903432,      -1.886380679,      -1.885216503,       1.811157134
          0,           0,         278,      -4.101509353,       -1.89657952,      -1.897039649,       1.798738606
          0,           0,         279,      -4.115748937,      -1.909323271,      -1.911412283,       1.784531665
          0,           0,         280,      -4.131876913,      -1.925220305,      -1.928411388,       1.768401533
          0,           0,         281,      -4.149371617,      -1.943848179,      -1.947233638,       1.750869987
          0,           0,         282,      -4.167216607,      -1.963850707,      -1.966407014,         1.7329654
          0,           0,         283,      -4.184232277,       -1.98330248,      -1.984253221,       1.715888656
          0,           0,         284,      -4.199508852,      -2.000362242,      -1.999522023,       1.700572894
          0,           0,         285,      -4.212790783,      -2.014059043,      -2.011953438,       1.687288976
          0,           0,         286,      -4.224587209,      -2.024758749,      -2.022399313,       1.675527931
          0,           0,         287,      -4.235943971,      -2.033977063,      -2.032422358,       1.664229668
          0,           0,         288,      -4.248028764,      -2.043694168,      -2.043656443,       1.652204935
          0,           0,         289,      -4.261719924,      -2.055600834,      -2.057249029,       1.638554815
          0,           0,         290,      -4.277328704,      -2.070586139,      -2.073535048,       1.622954416
          0,           0,         291,      -4.294507844,      -2.088520434,      -2.091950355,       1.605747752
          0,           0,         292,      -4.312355609,      -2.108290503,        -2.1111787,        1.58784515
          0,           0,         293,      -4.329701634,      -2.128085007,      -2.129545443,       1.570436044
          0,           0,         294,      -4.345515854,      -2.145961375,      -2.145612365,       1.554574223
          0,           0,         295,      -4.359331749,      -2.160631611,      -2.158801022,       1.540744815
          0,           0,         296,      -4.371450553,      -2.172067642,      -2.169665788,       1.528651442
          0,           0,         297,      -4.382802303,      -2.181509159,      -2.179626605,       1.517353482
          0,           0,         298,      -4.394563264,      -2.190881724,      -2.190360222,       1.505654369
          0,           0,         299,      -4.407730019,      -2.202023897,       -2.20319803,       1.492535928
          0,           0,         300,      -4.422793848,      -2.216089046,      -2.218727053,       1.477490773
          0,           0,         301,      -4.439594764,      -2.233248374,      -2.236637722,       1.460672381
          0,           0,         302,      -4.457367175,      -2.252653345,      -2.255799004,       1.442851487
          0,           0,         303,      -4.474981362,      -2.272650318,       -2.27458682,       1.425174227
          0,           0,         304,      -4.491318469,      -2.291257028,      -2.291424102,       1.408782731
          0,           0,         305,      -4.505714544,       -2.30691652,      -2.305434496,       1.394362108
          0,           0,         306,      -4.518248945,      -2.319205969,      -2.316850828,       1.381842372
          0,           0,         307,      -4.529703748,      -2.329040224,      -2.326899025,       1.370434982
          0,           0,         308,      -4.541229788,       -2.33822717,      -2.337249494,       1.358970753
          0,           0,         309,      -4.553915449,      -2.348704145,      -2.349384497,       1.346339273
          0,           0,         310,      -4.568419555,      -2.361863572,      -2.364129806,       1.331863521
          0,           0,         311,      -4.584773052,      -2.378173417,      -2.381436132,       1.315502986
          0,           0,         312,      -4.602365032,       -2.39706477,      -2.400383781,       1.297870275
          0,           0,         313,      -4.620139608,      -2.417082723,      -2.419446621,       1.280034653
          0,           0,         314,      -4.636929021,      -2.436272119,      -2.436967309,       1.263185904
          0,           0,         315,      -4.651899449,      -2.452872483,      -2.451809408,       1.248180683
          0,           0,         316,      -4.664906192,      -2.466085872,       -2.46387446,       1.235177221
          0,           0,         317,      -4.676554373,      -2.476462349,      -2.474145864,       1.223568441
          0,           0,         318,      -4.687932447,      -2.485624796,      -2.484233496,       1.212250231
          0,           0,         319,      -4.700189292,      -2.495551379,      -2.495731507,       1.200051894
          0,           0,         320,      -4.714135775,      -2.507843641,      -2.509688062,       1.186142654
          0,           0,         321,      -4.729991952,      -2.523256951,      -2.526313939,       1.170290034
          0,           0,         322,      -4.747324265,      -2.541521555,       -2.54492846,       1.152925863
          0,           0,         323,      -4.765171704,      -2.561405791,      -2.564136214,       1.135021274
          0,           0,         324,      -4.782355935,      -2.581040469,      -2.582255376,       1.117774726
          0,           0,         325,      -4.797901354,      -2.598525254,      -2.597932157,       1.102185457
          0,           0,         326,      -4.811442367,      -2.612718848,      -2.610739065,       1.088636213
          0,           0,         327,      -4.823383226,      -2.623781844,      -2.621376818,       1.076725435
          0,           0,         328,      -4.834714471,      -2.633090938,      -2.631340316,       1.065450264
          0,           0,         329,      -4.846612551,      -2.642603869,      -2.642291498,       1.053613322
          0,           0,         330,      -4.860019926,      -2.654093013,      -2.655477199,       1.040250995
          0,           0,         331,       -4.87534207,      -2.668587802,      -2.671365023,       1.024942823
          0,           0,         332,       -4.89232732,      -2.686116039,      -2.689522372,       1.007935436
          0,           0,         333,      -4.910141581,      -2.705701822,      -2.708726237,      0.9900696503
          0,           0,         334,      -4.927630898,      -2.725612335,      -2.727322245,       0.972517084
          0,           0,         335,      -4.943714157,      -2.743877311,      -2.743792412,      0.9563824036
          0,           0,         336,       -4.95781956,      -2.759061122,      -2.757398369,      0.9422574646
          0,           0,         337,      -4.970134351,      -2.770927032,      -2.768528169,      0.9299623338
          0,           0,         338,      -4.981516168,      -2.780548783,      -2.778506669,      0.9186309776
          0,           0,         339,      -4.993133239,      -2.789797171,      -2.789014275,      0.9070758646
          0,           0,         340,      -5.006034237,      -2.800568702,      -2.801466662,      0.8942264562
          0,           0,         341,      -5.020800006,      -2.814145933,      -2.816578702,      0.8794846532
          0,           0,         342,      -5.037370274,      -2.830857747,      -2.834177767,      0.8629025373
          0,           0,         343,      -5.055057543,      -2.850001917,      -2.853240887,      0.8451708703
          0,           0,         344,      -5.072766149,      -2.870025962,      -2.872189668,      0.8274001049
          0,           0,         345,      -5.089345731,      -2.888954576,      -2.889396504,      0.8107632695
          0,           0,         346,      -5.104038686,      -2.905114733,      -2.903841415,      0.7960401168
          0,           0,         347,      -5.116806332,      -2.917881123,      -2.915582079,      0.7832809987
          0,           0,         348,      -5.128341697,      -2.927978894,      -2.925722199,       0.771788835
          0,           0,         349,       -5.13976857,      -2.937125788,      -2.935908094,       0.760422874
          0,           0,         350,      -5.152212491,      -2.947288477,       -2.94768772,      0.7480356114
          0,           0,         351,      -5.166415624,      -2.959975074,      -2.962008231,      0.7338657263
          0,           0,         352,      -5.182507594,      -2.975806321,      -2.978957547,      0.7177724633
          0,           0,         353,      -5.199974042,      -2.994376539,      -2.997744832,      0.7002699992
          0,           0,         354,      -5.217800598,      -3.014342023,      -3.016903793,      0.6823843274
          0,           0,         355,       -5.23480862,      -3.033786934,      -3.034756973,      0.6653151447
          0,           0,         356,      -5.250083846,      -3.050867348,      -3.050044723,      0.6500000663
          0,           0,         357,      -5.263362825,      -3.064596504,      -3.062491169,      0.6367181094
          0,           0,         358,      -5.275147137,      -3.075318349,      -3.072933742,      0.6249682484
          0,           0,         359,      -5.286479023,      -3.084531954,      -3.082929129,      0.6136943356
          0,           0,         360,      -5.298527857,      -3.094213176,      -3.094115046,      0.6017055952
          0,           0,         361,      -5.312178647,      -3.106060946,      -3.107650472,      0.5880963956
          0,           0,         362,      -5.327752049,      -3.120980438,      -3.123885435,      0.5725322371
          0,           0,         363,      -5.344909603,      -3.138860673,      -3.142270068,      0.5553480403
          0,           0,         364,      -5.362754709,      -3.158604846,      -3.161497056,      0.5374486698
          0,           0,         365,       -5.38011593,      -3.178410262,      -3.179891208,      0.5200244007
          0,           0,         366,      -5.395954956,      -3.196329454,       -3.19600193,      0.5041372195
          0,           0,         367,      -5.409792507,      -3.211055075,      -3.209230419,      0.4902852316
          0,           0,         368,      -5.421918253,      -3.222533441,      -3.220112312,      0.4781839879
          0,           0,         369,      -5.433256894,      -3.231985102,      -3.230058948,      0.4668985393
          0,           0,         370,      -5.444986668,      -3.241330344,      -3.240750321,      0.4552305317
          0,           0,         371,      -5.458112015,      -3.252415839,      -3.253529898,      0.4421539335
          0,           0,         372,      -5.473135043,      -3.266411317,      -3.269001036,      0.4271503753
          0,           0,         373,      -5.489906527,      -3.283507662,       -3.28687075,      0.4103623165
          0,           0,         374,      -5.507668056,      -3.302874522,      -3.306020052,      0.3925529947
          0,           0,         375,      -5.525291518,      -3.322870761,      -3.324828388,      0.3748666501
          0,           0,         376,      -5.541651988,      -3.341514168,      -3.341709605,      0.3584513625
          0,           0,         377,      -5.556072997,      -3.357231629,      -3.355767008,       0.344004896
          0,           0,         378,      -5.568620094,      -3.369573173,      -3.367210818,      0.3314714396
          0,           0,         379,      -5.580066636,      -3.379429075,      -3.377253154,      0.3200715637
          0,           0,         380,      -5.591563036,       -3.38859659,      -3.387564404,      0.3086367509
          0,           0,         381,      -5.604205035,       -3.39901872,      -3.399638519,      0.2960492732
          0,           0,         382,      -5.618663923,       -3.41210523,      -3.414319744,      0.2816195084
          0,           0,         383,      -5.634984177,      -3.428346536,      -3.431578545,      0.2652931572
          0,           0,         384,      -5.652565589,      -3.447195723,      -3.450511228,      0.2476717983
          0,           0,         385,       -5.67035574,      -3.467213195,      -3.469597872,      0.2298209342
          0,           0,         386,      -5.687181222,      -3.486446183,      -3.487173662,      0.2129358194
          0,           0,         387,      -5.702193888,      -3.503118684,      -3.502080745,      0.1978875266
          0,           0,         388,       -5.71523157,       -3.51640328,       -3.51419394,       0.184852091
          0,           0,         389,      -5.726886675,      -3.526820673,      -3.524477557,      0.1732355509
          0,           0,         390,      -5.738244613,      -3.535978451,      -3.534537553,       0.161937126
          0,           0,         391,      -5.750460632,      -3.545857588,      -3.545978126,      0.1497798404
          0,           0,         392,      -5.764358557,      -3.558076278,      -3.559866198,      0.1359198464
          0,           0,         393,      -5.780173819,      -3.573413358,      -3.576434261,      0.1201090812
          0,           0,         394,      -5.797485434,      -3.591622512,      -3.595020314,      0.1027664829
          0,           0,         395,      -5.815339642,      -3.611491515,       -3.61424011,     0.08485561344
          0,           0,         396,      -5.832555786,      -3.631158933,      -3.632409189,     0.06757701809
          0,           0,         397,      -5.848145855,      -3.648714112,      -3.648155177,      0.0519423602
          0,           0,         398,      -5.861725809,      -3.662987752,      -3.661022287,     0.03835310394
          0,           0,         399,      -5.873683614,      -3.674107038,      -3.671686695,     0.02642441529
          0,           0,         400,      -5.885002683,      -3.683426499,      -3.681633587,     0.01516091067
          0,           0,         401,      -5.896863158,      -3.692901189,      -3.692531556,    0.003361663572
          0,           0,         402,      -5.910219912,      -3.704318106,      -3.705645809,   -0.009949429287
          0,           0,         403,      -5.925495015,      -3.718730851,       -3.72146728,    -0.02520962266
          0,           0,         404,      -5.942452789,      -3.736193974,      -3.739585793,    -0.04218858152
          0,           0,         405,      -5.960269206,      -3.755754159,      -3.758793198,    -0.06005589145
          0,           0,         406,      -5.977791077,      -3.775690874,      -3.777436909,    -0.07764097565
          0,           0,         407,      -5.993926406,      -3.794027865,      -3.793983257,    -0.09382834035
          0,           0,         408,      -6.008083866,      -3.809303213,      -3.807664776,     -0.1080063761
          0,           0,         409,      -6.020430873,      -3.821243845,       -3.81884022,     -0.1203347722
          0,           0,         410,      -6.031813677,      -3.830895134,      -3.828818702,     -0.1316677645
          0,           0,         411,      -6.043401085,      -3.840119417,      -3.839282928,     -0.1431932846
          0,           0,         412,      -6.056252655,      -3.850824403,      -3.851665054,     -0.1559927474
          0,           0,         413,       -6.07096613,      -3.864316149,      -3.866703601,     -0.1706813578
          0,           0,         414,      -6.087499095,      -3.880951564,      -3.884250638,     -0.1872251667
          0,           0,         415,      -6.105177207,      -3.900053927,      -3.903301979,     -0.2049469118
          0,           0,         416,      -6.122909471,      -3.920087953,      -3.922286393,     -0.2227411194
          0,           0,         417,      -6.139538311,      -3.939078835,      -3.939565907,     -0.2394276716
          0,           0,         418,      -6.154288032,      -3.955332243,      -3.954093548,     -0.2542085735
          0,           0,         419,      -6.167098153,       -3.96818619,      -3.965894548,     -0.2670112942
          0,           0,         420,      -6.178646039,      -3.978331569,      -3.976050528,     -0.2785167953
          0,           0,         421,      -6.190051848,      -3.987470254,      -3.986204338,     -0.2898619172
          0,           0,         422,      -6.202449355,      -3.997574991,      -3.997917228,      -0.302202388
          0,           0,         423,      -6.216597129,      -4.010175724,      -4.012159744,     -0.3163160677
          0,           0,         424,      -6.232644103,      -4.025922149,      -4.029046115,     -0.3323632929
          0,           0,         425,      -6.250092178,      -4.044437206,      -4.047808174,     -0.3498465059
          0,           0,         426,      -6.267934753,      -4.064397953,      -4.066991118,     -0.3677477927
          0,           0,         427,      -6.284989996,      -4.083895353,      -4.084912713,     -0.3848644825
          0,           0,         428,      -6.300327349,      -4.101069438,      -4.100289348,     -0.4002425774
          0,           0,         429,      -6.313660329,      -4.114898019,      -4.112811128,     -0.4135796863
          0,           0,         430,      -6.325470985,      -4.125686413,      -4.123287745,     -0.4253568335
          0,           0,         431,      -6.336793545,      -4.134910655,      -4.133266172,     -0.4366218292
          0,           0,         432,      -6.348802277,      -4.144546554,      -4.144393094,     -0.4485702402
          0,           0,         433,      -6.362397206,      -4.156311891,      -4.157849329,     -0.4621228106
          0,           0,         434,       -6.37791858,      -4.171140307,      -4.174011779,     -0.4776339164
          0,           0,         435,      -6.395046346,      -4.188951005,      -4.192355796,     -0.4947873453
          0,           0,         436,      -6.412895631,      -4.208672192,      -4.211590498,     -0.5126903106
          0,           0,         437,      -6.430295739,      -4.228513593,      -4.230041815,      -0.530153547
          0,           0,         438,      -6.446195643,      -4.246518821,      -4.246240344,     -0.5461023661
          0,           0,         439,      -6.460093721,      -4.261349147,       -4.25955396,     -0.5600160423
          0,           0,         440,      -6.472257184,       -4.27290979,      -4.270486063,      -0.572156068
          0,           0,         441,      -6.483598191,      -4.282391187,      -4.280431526,     -0.5834444712
          0,           0,         442,      -6.495295826,      -4.291706285,      -4.291074028,     -0.5950802728
          0,           0,         443,      -6.508367097,      -4.302716089,      -4.303776181,      -0.608102154
          0,           0,         444,      -6.523333385,      -4.316617546,      -4.319168013,     -0.6230479639
          0,           0,         445,        -6.5400657,      -4.333633075,      -4.336983981,     -0.6397957873
          0,           0,         446,       -6.55782032,      -4.352960279,      -4.356125276,     -0.6575974664
          0,           0,         447,      -6.575473979,      -4.372975719,      -4.374978205,      -0.675313909
          0,           0,         448,      -6.591892903,      -4.391695145,      -4.391943514,     -0.6917882303
          0,           0,         449,      -6.606379781,      -4.407519306,      -4.406093548,     -0.7063016673
          0,           0,         450,      -6.618975883,      -4.419956909,      -4.417603111,      -0.718885288
          0,           0,         451,      -6.630437761,      -4.429862133,      -4.427661722,      -0.730301255
          0,           0,         452,      -6.641912276,      -4.439017274,      -4.437937439,     -0.7417142689
          0,           0,         453,       -6.65450469,      -4.449374116,      -4.449939334,     -0.7542516827
          0,           0,         454,      -6.668904456,      -4.462367262,      -4.464537476,     -0.7686213937
          0,           0,         455,      -6.685176565,      -4.478518247,      -4.481730306,     -0.7848984973
          0,           0,         456,      -6.702739134,      -4.497311393,      -4.500638603,     -0.8025001341
          0,           0,         457,      -6.720547745,      -4.517328668,      -4.519753709,     -0.8203691453
          0,           0,         458,      -6.737424633,      -4.536622278,      -4.537404421,     -0.8373060528
          0,           0,         459,      -6.752503937,        -4.5533972,      -4.552406044,     -0.8524219931
          0,           0,         460,      -6.765598751,      -4.566786848,      -4.564597267,     -0.8655157813
          0,           0,         461,      -6.777281024,      -4.577271334,      -4.574913972,     -0.8771603918
          0,           0,         462,      -6.788628176,      -4.586435698,      -4.584953084,     -0.8884483652
          0,           0,         463,      -6.800801093,      -4.596262813,      -4.596329519,     -0.9005621928
          0,           0,         464,      -6.814639869,      -4.608392183,      -4.610133787,     -0.9143621633
          0,           0,         465,      -6.830401089,      -4.623633652,      -4.626627068,     -0.9301177992
          0,           0,         466,      -6.847682767,       -4.64177236,      -4.645173356,     -0.9474294512
          0,           0,         467,      -6.865543621,      -4.661622412,      -4.664405155,     -0.9653464723
          0,           0,         468,      -6.882802808,      -4.681333457,      -4.682637541,     -0.9826682865
          0,           0,         469,       -6.89845827,      -4.698983245,      -4.698476938,     -0.9983692452
          0,           0,         470,      -6.912101838,        -4.7133672,      -4.711431751,      -1.012023294
          0,           0,         471,      -6.924098287,      -4.724569586,      -4.722145477,      -1.023991674
          0,           0,         472,      -6.935418632,      -4.733915236,      -4.732087807,      -1.035256993
          0,           0,         473,      -6.947244566,      -4.743353843,      -4.742932543,      -1.047021549
          0,           0,         474,       -6.96054456,      -4.754688936,      -4.755965539,      -1.060275068
          0,           0,         475,      -6.975761051,      -4.769003351,      -4.771705435,      -1.075475584
          0,           0,         476,      -6.992679167,      -4.786384356,      -4.789770499,      -1.092413856
          0,           0,         477,       -7.01048963,      -4.805907031,      -4.808972638,      -1.110274497
          0,           0,         478,      -7.028043746,      -4.825868094,      -4.827664952,       -1.12789185
          0,           0,         479,      -7.044239516,      -4.844286921,      -4.844298723,      -1.144140288
          0,           0,         480,      -7.058463821,      -4.859672809,      -4.858073671,      -1.158386376
          0,           0,         481,      -7.070859001,      -4.871709141,        -4.8693126,      -1.170764103
          0,           0,         482,      -7.082254849,      -4.881405492,      -4.879303149,      -1.182110794
          0,           0,         483,      -7.093817608,      -4.890611409,      -4.889726835,      -1.193611717
          0,           0,         484,       -7.10661698,      -4.901245197,      -4.902033033,      -1.206358401
          0,           0,         485,      -7.121269698,      -4.914639422,      -4.916986502,       -1.22098519
          0,           0,         486,      -7.137754762,      -4.931183689,      -4.934468482,      -1.237480035
          0,           0,         487,      -7.155415301,      -4.950232129,      -4.953498187,      -1.255183388
          0,           0,         488,      -7.173168453,      -4.970271027,        -4.9725153,      -1.272998173
          0,           0,         489,      -7.189851119,      -4.989328739,      -4.989873442,      -1.289739036
          0,           0,         490,      -7.204668401,      -5.005688495,      -5.004496874,      -1.304588626
          0,           0,         491,      -7.217534724,      -5.018647389,      -5.016373442,      -1.317448844
          0,           0,         492,      -7.229107334,      -5.028855619,      -5.026557985,      -1.328979832
          0,           0,         493,      -7.240499499,      -5.037994933,      -5.036685888,      -1.340311555
          0,           0,         494,      -7.252851349,      -5.048041785,      -5.048331026,      -1.352605903
          0,           0,         495,      -7.266938477,      -5.060549146,      -5.062487848,      -1.366658051
          0,           0,         496,      -7.282931551,      -5.076198878,      -5.079300007,      -1.382650281
          0,           0,         497,      -7.300350917,      -5.094645303,      -5.098024989,      -1.400103804
          0,           0,         498,      -7.318201991,      -5.114591263,      -5.117223689,      -1.418013036
          0,           0,         499,      -7.335301943,      -5.134137586,      -5.135211636,      -1.435174788
          0,           0,         500,      -7.350704704,      -5.151409536,      -5.150682136,      -1.450619297
          0,           0,         501,      -7.364099532,      -5.165347982,      -5.163289135,      -1.464019462
          0,           0,         502,      -7.375945489,      -5.176214909,      -5.173809703,       -1.47583297
          0,           0,         503,      -7.387265662,      -5.185458771,      -5.183777604,      -1.487095981
          0,           0,         504,      -7.399236843,      -5.195052353,      -5.194847045,      -1.499006557
          0,           0,         505,      -7.412773457,      -5.206731603,      -5.208219913,      -1.512499905
          0,           0,         506,      -7.428236315,      -5.221460428,      -5.224301489,      -1.527951569
          0,           0,         507,      -7.445325897,      -5.239190543,      -5.242594761,      -1.545065672
          0,           0,         508,      -7.463171651,       -5.25887872,      -5.261828482,      -1.562964579
          0,           0,         509,      -7.480606247,       -5.27875004,      -5.280332401,        -1.5804622
          0,           0,         510,      -7.496567524,       -5.29684162,      -5.296619392,      -1.596473336
          0,           0,         511,      -7.510530906,       -5.31178266,      -5.310024466,      -1.610453385
          0,           0,         512,      -7.522739192,      -5.323434845,      -5.321014975,      -1.622639429
          0,           0,         513,      -7.534089228,       -5.33295455,      -5.330965926,      -1.633937416
          0,           0,         514,      -7.545758792,      -5.342244599,      -5.341563291,      -1.645545172
          0,           0,         515,      -7.558775911,      -5.353178454,      -5.354186738,      -1.658512291
          0,           0,         516,      -7.573681203,      -5.366980415,      -5.369493896,      -1.673395895
          0,           0,         517,       -7.59036734,      -5.383906433,      -5.387247599,       -1.69009646
          0,           0,         518,      -7.608106829,      -5.403183802,      -5.406371329,      -1.707882164
          0,           0,         519,      -7.625783846,      -5.423209777,      -5.425261347,      -1.725621856
          0,           0,         520,      -7.642257616,      -5.442000593,      -5.442307212,      -1.742151611
          0,           0,         521,      -7.656810731,      -5.457932201,      -5.456550789,      -1.756732568
          0,           0,         522,      -7.669459115,      -5.470470575,       -5.46813134,      -1.769369586
          0,           0,         523,      -7.680941407,      -5.480432002,      -5.478210885,      -1.780806811
          0,           0,         524,      -7.692397948,      -5.489580174,      -5.488455969,      -1.792201998
          0,           0,         525,      -7.704941918,      -5.499873349,      -5.500385572,      -1.804690488
          0,           0,         526,      -7.719280804,      -5.512770916,      -5.514898363,      -1.818998182
          0,           0,         527,       -7.73549978,      -5.528825504,      -5.532018859,      -1.835221015
          0,           0,         528,      -7.753036955,      -5.547554544,      -5.550895253,      -1.852796401
          0,           0,         529,      -7.770857283,      -5.567563182,      -5.570031013,      -1.870676849
          0,           0,         530,      -7.787780775,      -5.586911321,      -5.587751512,      -1.887660727
          0,           0,         531,      -7.802924753,      -5.603786185,      -5.602845484,      -1.902842446
          0,           0,         532,      -7.816078273,      -5.617282803,       -5.61511779,      -1.915995691
          0,           0,         533,      -7.827791508,       -5.62783973,       -5.62547081,      -1.927672676
          0,           0,         534,      -7.839131555,      -5.637015673,      -5.635494079,      -1.938953864
          0,           0,         535,      -7.851263602,      -5.646793779,      -5.646808275,      -1.951026349
          0,           0,         536,      -7.865043043,      -5.658833973,      -5.660528204,      -1.964766143
          0,           0,         537,      -7.880747081,      -5.673976271,      -5.676942908,      -1.980463196
          0,           0,         538,      -7.897993603,       -5.69203865,      -5.695442901,      -1.997739074
          0,           0,         539,       -7.91585427,      -5.711861201,      -5.714679499,      -2.015655087
          0,           0,         540,      -7.933149988,      -5.731608027,      -5.732967579,      -2.033013978
          0,           0,         541,      -7.948867101,      -5.749347531,      -5.748896203,      -2.048777124
          0,           0,         542,      -7.962573138,      -5.763840488,      -5.761938114,      -2.062494921
          0,           0,         543,      -7.974609914,      -5.775128605,      -5.772703887,      -2.074504792
          0,           0,         544,      -7.985934039,      -5.784504158,      -5.782644275,       -2.08577448
          0,           0,         545,      -7.997728105,      -5.793910728,      -5.793439106,      -2.097507101
          0,           0,         546,      -8.010972142,      -5.805165286,      -5.806391446,      -2.110703494
          0,           0,         547,      -8.026129271,      -5.819381018,      -5.822048849,      -2.125844117
          0,           0,         548,      -8.043003628,      -5.836675005,      -5.840055481,       -2.14273718
          0,           0,         549,      -8.060802804,      -5.856153938,      -5.859246484,      -2.160585694
          0,           0,         550,      -8.078382936,      -5.876131678,      -5.877979189,      -2.178229023
          0,           0,         551,       -8.09463492,      -5.894626867,      -5.894695959,      -2.194534561
          0,           0,         552,      -8.108923255,       -5.91011976,      -5.908561557,       -2.20884562
          0,           0,         553,      -8.121366728,      -5.922251915,      -5.919864809,      -2.221273032
          0,           0,         554,      -8.132777761,        -5.9319969,      -5.929870182,      -2.232635952
          0,           0,         555,      -8.144317573,      -5.941186909,      -5.940255665,      -2.244113453
          0,           0,         556,       -8.15706777,      -5.951753942,       -5.95248934,      -2.256810459
          0,           0,         557,      -8.171658157,      -5.965049177,      -5.967355972,      -2.271373561
          0,           0,         558,        -8.1880942,      -5.981501387,      -5.984771057,      -2.287819128
          0,           0,         559,       -8.20573204,      -6.000489907,      -6.003772727,      -2.305498165
          0,           0,         560,      -8.223500954,      -6.020527607,      -6.022818081,      -2.323328669
          0,           0,         561,      -8.240231781,        -6.0396449,      -6.040248063,      -2.340117853
          0,           0,         562,      -8.255112329,      -6.056105545,      -6.054960684,      -2.355032098
          0,           0,         563,      -8.268034078,      -6.069168668,      -6.066915127,      -2.367949263
          0,           0,         564,      -8.279631907,      -6.079440881,      -6.077127187,      -2.379506385
          0,           0,         565,      -8.291012561,      -6.088584035,      -6.087232909,      -2.390827307
          0,           0,         566,      -8.303320682,      -6.098576259,       -6.09881382,      -2.403076652
          0,           0,         567,      -8.317348642,      -6.110992566,      -6.112884556,      -2.417068846
          0,           0,         568,      -8.333287243,      -6.126545194,      -6.129621437,      -2.433005357
          0,           0,         569,      -8.350673283,        -6.1449176,      -6.148307472,       -2.45042414
          0,           0,         570,      -8.368528526,      -6.164844236,      -6.167514464,      -2.468338016
          0,           0,         571,      -8.385669406,      -6.184433888,       -6.18556329,      -2.485540298
          0,           0,         572,      -8.401133496,      -6.201798803,       -6.20112331,        -2.5010483
          0,           0,         573,      -8.414588487,      -6.215844651,      -6.213814459,      -2.514508846
          0,           0,         574,      -8.426469031,      -6.226789619,      -6.224379111,       -2.52635795
          0,           0,         575,      -8.437788612,      -6.236055611,      -6.234340685,      -2.537620242
          0,           0,         576,      -8.449723492,      -6.245609527,      -6.245351962,      -2.549495093
          0,           0,         577,      -8.463202635,      -6.257204472,      -6.258642158,        -2.5629299
          0,           0,         578,      -8.478607078,      -6.271834316,       -6.27464439,      -2.578322549
          0,           0,         579,      -8.495656462,      -6.289482374,      -6.292884581,      -2.595395987
          0,           0,         580,      -8.513496331,      -6.309133996,      -6.312113898,      -2.613287342
          0,           0,         581,       -8.53096126,      -6.329030408,      -6.330664202,      -2.630814681
          0,           0,         582,       -8.54698006,      -6.347202111,      -6.347038416,      -2.646883588
          0,           0,         583,      -8.561006116,      -6.362250878,      -6.360527771,      -2.660928468
          0,           0,         584,      -8.573256875,      -6.373992263,       -6.37157743,      -2.673159349
          0,           0,         585,      -8.584616635,      -6.383551514,       -6.38153603,      -2.684466837
          0,           0,         586,       -8.59626233,      -6.392822988,      -6.392089084,      -2.696051086
          0,           0,         587,      -8.609224889,      -6.403680587,      -6.404638347,      -2.708962889
          0,           0,         588,      -8.624068466,       -6.41738342,      -6.419858287,      -2.723784387
          0,           0,         589,      -8.640707378,      -6.434217902,      -6.437550714,      -2.740434053
          0,           0,         590,      -8.658429997,      -6.453443661,      -6.456650436,      -2.758202395
          0,           0,         591,      -8.676125984,       -6.47347571,      -6.475575862,      -2.775962655
          0,           0,         592,      -8.692650099,      -6.492331298,      -6.492696958,      -2.792541116
          0,           0,         593,      -8.707267683,       -6.50836872,      -6.507026292,      -2.807189761
          0,           0,         594,      -8.719966685,      -6.521006369,      -6.518681867,      -2.819880624
          0,           0,         595,      -8.731469867,      -6.531022888,      -6.528786395,      -2.831335106
          0,           0,         596,      -8.742911722,      -6.540168411,      -6.538998453,      -2.842717456
          0,           0,         597,      -8.755407816,       -6.55040017,      -6.550860174,      -2.855158631
          0,           0,         598,      -8.769686535,      -6.563204333,      -6.565285337,      -2.869405437
          0,           0,         599,      -8.785849539,      -6.579159503,      -6.582336209,      -2.885570364
          0,           0,         600,      -8.803358969,      -6.597821712,      -6.601175113,      -2.903115793
          0,           0,         601,      -8.821192535,       -6.61782234,      -6.620333226,      -2.921008957
          0,           0,         602,      -8.838157165,      -6.637220276,      -6.638112255,      -2.938033058
          0,           0,         603,      -8.853365157,      -6.654192646,      -6.653294917,      -2.953286317
          0,           0,         604,      -8.866573317,      -6.667789819,      -6.665654212,      -2.966490517
          0,           0,         605,      -8.878320968,      -6.678424331,       -6.67604367,      -2.978205452
          0,           0,         606,      -8.889648832,      -6.687607348,      -6.686049858,      -2.989472221
          0,           0,         607,      -8.901745988,      -6.697344668,      -6.697306648,      -3.001510889
          0,           0,         608,      -8.915470952,       -6.70929963,      -6.710942476,      -3.015194946
          0,           0,         609,       -8.93111366,      -6.724339835,       -6.72727992,      -3.030828199
          0,           0,         610,       -8.94832195,      -6.742322408,      -6.745724002,      -3.048068115
          0,           0,         611,      -8.966180654,      -6.762116662,       -6.76496945,      -3.065980565
          0,           0,         612,      -8.983511079,        -6.7818952,       -6.78331463,      -3.083370601
          0,           0,         613,      -8.999292256,      -6.799726937,       -6.79932378,      -3.099201387
          0,           0,         614,      -9.013058011,      -6.814323689,      -6.812455788,      -3.112978228
          0,           0,         615,      -9.025135708,      -6.825699374,      -6.823261714,      -3.125035098
          0,           0,         616,      -9.036462821,      -6.835104471,      -6.833221271,      -3.136303275
          0,           0,         617,      -9.048224793,      -6.844479355,      -6.843959006,      -3.148007408
          0,           0,         618,      -9.061415991,      -6.855658452,       -6.85682989,      -3.161150111
          0,           0,         619,       -9.07651169,      -6.869775608,      -6.872406295,      -3.176228992
          0,           0,         620,      -9.093338883,      -6.886975297,      -6.890348137,       -3.19306832
          0,           0,         621,      -9.111125024,      -6.906407762,      -6.909526998,      -3.210904928
          0,           0,         622,      -9.128733277,      -6.926405903,      -6.928308573,      -3.228576498
          0,           0,         623,      -9.145035004,      -6.944969593,      -6.945084773,      -3.244931659
          0,           0,         624,      -9.159386568,      -6.960568855,      -6.959060612,      -3.259310146
          0,           0,         625,      -9.171884095,      -6.972802401,      -6.970423453,       -3.27179223
          0,           0,         626,      -9.183305619,      -6.982591007,      -6.980438722,       -3.28316933
          0,           0,         627,      -9.194820769,      -6.991765612,      -6.990793707,      -3.294616569
          0,           0,         628,      -9.207526278,      -7.002268863,      -7.002947946,      -3.307266213
          0,           0,         629,      -9.222062609,      -7.015477629,      -7.017723415,      -3.321778708
          0,           0,         630,       -9.23843965,      -7.031825635,      -7.035095729,      -3.338167353
          0,           0,         631,      -9.256054291,      -7.050754028,      -7.054050575,      -3.355825068
          0,           0,         632,       -9.27382548,      -7.070773775,      -7.073113812,       -3.37364527
          0,           0,         633,      -9.290619887,      -7.089967888,      -7.090611234,      -3.390505607
          0,           0,         634,      -9.305563692,      -7.106532911,      -7.105429835,      -3.405489242
          0,           0,         635,      -9.318540809,      -7.119694282,      -7.117454627,      -3.418455661
          0,           0,         636,       -9.33015165,      -7.130019844,      -7.127694595,      -3.430024304
          0,           0,         637,      -9.341535914,      -7.139187838,      -7.137779349,      -3.441364961
          0,           0,         638,      -9.353788933,      -7.149107127,      -7.149298673,      -3.453545306
          0,           0,         639,      -9.367764528,      -7.161437303,      -7.163288891,      -3.467480592
          0,           0,         640,      -9.383648931,      -7.176899256,      -7.179947769,      -3.483365234
          0,           0,         641,       -9.40099158,      -7.195186829,       -7.19857527,      -3.500745421
          0,           0,         642,      -9.418845905,      -7.215089131,      -7.217810917,      -3.518658445
          0,           0,         643,      -9.436032872,      -7.234725464,      -7.235895707,      -3.535901597
          0,           0,         644,      -9.451551672,      -7.252172731,      -7.251564468,        -3.5514584
          0,           0,         645,      -9.465081194,      -7.266349631,      -7.264337963,      -3.565001763
          0,           0,         646,      -9.476993055,      -7.277361093,      -7.274950486,      -3.576885701
          0,           0,         647,      -9.488320759,      -7.286659937,      -7.284922017,      -3.588151824
          0,           0,         648,      -9.500211009,      -7.296158676,      -7.295863224,      -3.599979502
          0,           0,         649,      -9.513641908,      -7.307690389,      -7.309054494,      -3.613365512
          0,           0,         650,      -9.528993688,      -7.322222349,      -7.324984199,      -3.628705295
          0,           0,         651,      -9.546001688,      -7.339790361,      -7.343213677,      -3.645737071
          0,           0,         652,      -9.563819191,      -7.359377527,       -7.36240347,      -3.663585935
          0,           0,         653,      -9.581321979,      -7.379318593,      -7.380983909,      -3.681189444
          0,           0,         654,      -9.597394198,      -7.397570218,      -7.397421733,      -3.697314266
          0,           0,         655,      -9.611471969,      -7.412707118,       -7.41104897,      -3.711390529
          0,           0,         656,       -9.62378001,       -7.42454351,      -7.422137036,      -3.723663955
          0,           0,         657,      -9.635155155,      -7.434162059,      -7.432093446,      -3.734998958
          0,           0,         658,      -9.646778487,      -7.443419222,      -7.442636983,       -3.74659667
          0,           0,         659,      -9.659670913,      -7.454174152,      -7.455096974,      -3.759401285
          0,           0,         660,      -9.674467736,      -7.467794192,      -7.470211469,      -3.774166202
          0,           0,         661,      -9.691049142,      -7.484530981,      -7.487881698,      -3.790768571
          0,           0,         662,      -9.708745251,      -7.503700279,      -7.506926032,      -3.808525816
          0,           0,         663,      -9.726465973,      -7.523751594,      -7.525886046,      -3.826314681
          0,           0,         664,      -9.743028142,       -7.54263793,      -7.543112891,      -3.842916112
          0,           0,         665,      -9.757724221,      -7.558789722,      -7.557444064,      -3.857621854
          0,           0,         666,       -9.77047478,      -7.571539337,      -7.569243729,      -3.870391875
          0,           0,         667,      -9.781968177,      -7.581580805,      -7.579335097,      -3.881831026
          0,           0,         668,      -9.793412998,      -7.590743875,      -7.589562508,      -3.893187697
          0,           0,         669,      -9.805879501,      -7.600938532,      -7.601329414,      -3.905638714
          0,           0,         670,      -9.820061849,      -7.613603319,      -7.615632738,      -3.919789528
          0,           0,         671,      -9.836165597,      -7.629466412,      -7.632621792,      -3.935895405
          0,           0,         672,      -9.853680075,      -7.648089336,      -7.651406618,      -3.953444304
          0,           0,         673,      -9.871496249,      -7.668045675,      -7.670666968,      -3.971295697
          0,           0,         674,      -9.888507513,      -7.687511924,      -7.688420564,      -3.988394622
          0,           0,         675,      -9.903773993,      -7.704555562,      -7.703742261,      -4.003672941
          0,           0,         676,      -9.917085876,      -7.718321467,      -7.716160042,      -4.016998283
          0,           0,         677,      -9.928809576,      -7.728950927,      -7.726615243,      -4.028674454
          0,           0,         678,      -9.940133723,      -7.738173609,      -7.736541394,      -4.039980645
          0,           0,         679,      -9.952188402,      -7.747849588,      -7.747787363,      -4.051936681
          0,           0,         680,       -9.96587397,      -7.759750764,      -7.761255499,      -4.065610905
          0,           0,         681,       -9.98141994,      -7.774621783,      -7.777608705,      -4.081104337
          0,           0,         682,      -9.998584319,      -7.792549358,      -7.795993696,      -4.098320726
          0,           0,         683,      -10.01645283,      -7.812315012,       -7.81523082,      -4.116267088
